Christopher Cantalupo <christopher.m.cantalupo@intel.com>
Vishwanath Venkatesan <vishwanath.venkatesan@intel.com>
Steven Hampson <steven.t.hampson@intel.com>
Krzysztof Czuryło <krzysztof.czurylo@intel.com>
Leobardo Rountree <leobardo.r.rountree@intel.com>
Hector Barajas Villalobos <hector.a.barajas.villalobos@intel.com>
Ruchira Sasanka <ruchira.sasanka@intel.com>
Krzysztof Kułakowski <krzysztof.kulakowski@intel.com>
Rafael Aquini <aquini@redhat.com>
Alexandr Konovalov <alexandr.konovalov@intel.com>
Grzegorz Ozanski <grzegorz.ozanski@intel.com>
Artur Koziej <artur.koziej@intel.com>
Jakub Długołęcki <jakub.dlugolecki@intel.com>
Łukasz Anaczkowski <lukasz.anaczkowski@intel.com>
Agata Woźniak <agata.wozniak@intel.com>
Grzegorz Andrejczuk <grzegorz.andrejczuk@intel.com>
Kamil Patelczyk <kamil.patelczyk@intel.com>
Jeff Hammond <jeff.r.hammond@intel.com>
Aleksandra Hernik <aleksandra.hernik@intel.com>
Paweł Kochanek <pawel.b.kochanek@intel.com>
Katarzyna Wasiuta <katarzyna.wasiuta@intel.com>
Krzysztof Filipek <krzysztof.filipek@intel.com>
Michał Biesek <michal.biesek@intel.com>
Adam Borowski <adam.borowski@intel.com>
Yuan Zhou <yuan.zhou@intel.com>
Harald Servat <harald.servat@intel.com>
Keiya Nobuta <nobuta.keiya@fujitsu.com>
Rafał Rudnicki <rafal.rudnicki@intel.com>
Jacek Grzybek
Maciej Paczocha <maciej.paczocha@intel.com>
Patryk Kamiński <patryk.kaminski@intel.com>
Adam Szopiński <adam.szopinski@intel.com>
Łukasz Stolarczuk <lukasz.stolarczuk@intel.com>
